{
  "IcoMoonType": "selection",
  "icons": [
    {
      "icon": {
        "paths": [
          "M512 384c70 0 128 58 128 128s-58 128-128 128-128-58-128-128 58-128 128-128zM512 726c118 0 214-96 214-214s-96-214-214-214-214 96-214 214 96 214 214 214zM512 192c214 0 396 132 470 320-74 188-256 320-470 320s-396-132-470-320c74-188 256-320 470-320z"
        ],
        "attrs": [],
        "isMulticolor": false,
        "isMulticolor2": false,
        "tags": [
          "visibility"
        ],
        "defaultCode": 59636,
        "grid": 24
      },
      "attrs": [],
      "properties": {
        "ligatures": "remove_red_eye, visibility",
        "id": 35,
        "order": 445,
        "prevSize": 24,
        "code": 59636,
        "name": "visibility"
      },
      "setIdx": 0,
      "setId": 1,
      "iconIdx": 0
    },
    {
      "icon": {
        "paths": [
          "M506 384h6c70 0 128 58 128 128v8zM322 418c-14 28-24 60-24 94 0 118 96 214 214 214 34 0 66-10 94-24l-66-66c-8 2-18 4-28 4-70 0-128-58-128-128 0-10 2-20 4-28zM86 182l54-54 756 756-54 54c-47.968-47.365-96.266-94.401-144-142-58 24-120 36-186 36-214 0-396-132-470-320 34-84 90-156 160-212-39.017-38.983-77.307-78.693-116-118zM512 298c-28 0-54 6-78 16l-92-92c52-20 110-30 170-30 214 0 394 132 468 320-32 80-82 148-146 202l-124-124c10-24 16-50 16-78 0-118-96-214-214-214z"
        ],
        "attrs": [],
        "isMulticolor": false,
        "isMulticolor2": false,
        "tags": [
          "visibility_off"
        ],
        "defaultCode": 59637,
        "grid": 24
      },
      "attrs": [],
      "properties": {
        "ligatures": "visibility_off",
        "id": 34,
        "order": 446,
        "prevSize": 24,
        "code": 59637,
        "name": "visibility_off"
      },
      "setIdx": 0,
      "setId": 1,
      "iconIdx": 1
    },
    {
      "icon": {
        "paths": [
          "M598 214h212v212h-84v-128h-128v-84zM726 726v-128h84v212h-212v-84h128zM214 426v-212h212v84h-128v128h-84zM298 598v128h128v84h-212v-212h84z"
        ],
        "attrs": [
          {}
        ],
        "isMulticolor": false,
        "isMulticolor2": false,
        "tags": [
          "fullscreen"
        ],
        "grid": 24
      },
      "attrs": [
        {}
      ],
      "properties": {
        "order": 447,
        "id": 0,
        "name": "fullscreen",
        "prevSize": 24,
        "code": 59650
      },
      "setIdx": 0,
      "setId": 1,
      "iconIdx": 2
    },
    {
      "icon": {
        "paths": [
          "M682 342h128v84h-212v-212h84v128zM598 810v-212h212v84h-128v128h-84zM342 342v-128h84v212h-212v-84h128zM214 682v-84h212v212h-84v-128h-128z"
        ],
        "attrs": [
          {}
        ],
        "isMulticolor": false,
        "isMulticolor2": false,
        "tags": [
          "fullscreen_exit"
        ],
        "grid": 24
      },
      "attrs": [
        {}
      ],
      "properties": {
        "order": 448,
        "id": 1,
        "name": "fullscreen_exit",
        "prevSize": 24,
        "code": 59651
      },
      "setIdx": 0,
      "setId": 1,
      "iconIdx": 3
    },
    {
      "icon": {
        "paths": [
          "M768 686c68 0 124 56 124 124s-56 126-124 126-124-58-124-126c0-10 0-20 2-28l-302-176c-24 22-54 34-88 34-70 0-128-58-128-128s58-128 128-128c34 0 64 12 88 34l300-174c-2-10-4-20-4-30 0-70 58-128 128-128s128 58 128 128-58 128-128 128c-34 0-64-14-88-36l-300 176c2 10 4 20 4 30s-2 20-4 30l304 176c22-20 52-32 84-32z"
        ],
        "attrs": [
          {}
        ],
        "isMulticolor": false,
        "isMulticolor2": false,
        "tags": [
          "share"
        ],
        "grid": 24
      },
      "attrs": [
        {}
      ],
      "properties": {
        "order": 449,
        "id": 2,
        "name": "share",
        "prevSize": 24,
        "code": 59652
      },
      "setIdx": 0,
      "setId": 1,
      "iconIdx": 4
    },
    {
      "icon": {
        "paths": [
          "M512 470c24 0 42 18 42 42s-18 42-42 42-42-18-42-42 18-42 42-42zM512 704c106 0 192-86 192-192s-86-192-192-192-192 86-192 192 86 192 192 192zM512 86c236 0 426 190 426 426s-190 426-426 426-426-190-426-426 190-426 426-426z"
        ],
        "attrs": [
          {}
        ],
        "isMulticolor": false,
        "isMulticolor2": false,
        "tags": [
          "album"
        ],
        "grid": 24
      },
      "attrs": [
        {}
      ],
      "properties": {
        "order": 450,
        "id": 3,
        "name": "album",
        "prevSize": 24,
        "code": 59649
      },
      "setIdx": 0,
      "setId": 1,
      "iconIdx": 5
    },
    {
      "icon": {
        "paths": [
          "M128 554v-84h512v84h-512zM128 256h768v86h-768v-86zM128 768v-86h256v86h-256z"
        ],
        "attrs": [],
        "isMulticolor": false,
        "isMulticolor2": false,
        "tags": [
          "sort"
        ],
        "defaultCode": 57700,
        "grid": 24
      },
      "attrs": [],
      "properties": {
        "order": 451,
        "ligatures": "sort",
        "id": 4,
        "prevSize": 24,
        "code": 57700,
        "name": "sort"
      },
      "setIdx": 0,
      "setId": 1,
      "iconIdx": 6
    },
    {
      "icon": {
        "paths": [
          "M896 640v256h-256l98-98-124-122 62-62 122 124zM384 896h-256v-256l98 98 122-124 62 62-124 122zM128 384v-256h256l-98 98 124 122-62 62-122-124zM640 128h256v256l-98-98-122 124-62-62 124-122z"
        ],
        "attrs": [],
        "isMulticolor": false,
        "isMulticolor2": false,
        "tags": [
          "zoom_out_map"
        ],
        "defaultCode": 58731,
        "grid": 24
      },
      "attrs": [],
      "properties": {
        "order": 452,
        "ligatures": "zoom_out_map",
        "id": 5,
        "prevSize": 24,
        "code": 58731,
        "name": "zoom_out_map"
      },
      "setIdx": 0,
      "setId": 1,
      "iconIdx": 7
    },
    {
      "icon": {
        "paths": [
          "M726 256h212v86h-128v384c0 70-58 128-128 128s-128-58-128-128 58-128 128-128c14 0 30 4 44 8v-350zM128 682v-84h342v84h-342zM640 426v86h-512v-86h512zM640 256v86h-512v-86h512z"
        ],
        "attrs": [],
        "isMulticolor": false,
        "isMulticolor2": false,
        "tags": [
          "queue_music"
        ],
        "defaultCode": 57405,
        "grid": 24
      },
      "attrs": [],
      "properties": {
        "order": 453,
        "ligatures": "queue_music",
        "id": 6,
        "prevSize": 24,
        "code": 57406,
        "name": "queue_music"
      },
      "setIdx": 0,
      "setId": 1,
      "iconIdx": 8
    },
    {
      "icon": {
        "paths": [
          "M884 300l-78 78-160-160 78-78c16-16 44-16 60 0l100 100c16 16 16 44 0 60zM128 736l472-472 160 160-472 472h-160v-160z"
        ],
        "attrs": [],
        "isMulticolor": false,
        "isMulticolor2": false,
        "tags": [
          "mode_edit"
        ],
        "defaultCode": 57940,
        "grid": 24
      },
      "attrs": [],
      "properties": {
        "order": 454,
        "ligatures": "create, edit, mode_edit",
        "id": 7,
        "prevSize": 24,
        "code": 57940,
        "name": "mode_edit"
      },
      "setIdx": 0,
      "setId": 1,
      "iconIdx": 9
    },
    {
      "icon": {
        "paths": [
          "M298 214h598v84h-598v-84zM298 554v-84h598v84h-598zM298 810v-84h598v84h-598zM170 704c36 0 64 30 64 64s-30 64-64 64-64-30-64-64 28-64 64-64zM170 192c36 0 64 28 64 64s-28 64-64 64-64-28-64-64 28-64 64-64zM170 448c36 0 64 28 64 64s-28 64-64 64-64-28-64-64 28-64 64-64z"
        ],
        "attrs": [],
        "isMulticolor": false,
        "isMulticolor2": false,
        "tags": [
          "format_list_bulleted"
        ],
        "defaultCode": 57921,
        "grid": 24
      },
      "attrs": [],
      "properties": {
        "order": 455,
        "ligatures": "format_list_bulleted",
        "id": 8,
        "prevSize": 24,
        "code": 57922,
        "name": "format_list_bulleted"
      },
      "setIdx": 0,
      "setId": 1,
      "iconIdx": 10
    },
    {
      "icon": {
        "paths": [
          "M86 234h852v86h-852v-86zM86 448h852v86h-852v-86zM86 662h852v84h-852v-84z"
        ],
        "attrs": [],
        "isMulticolor": false,
        "isMulticolor2": false,
        "tags": [
          "dehaze"
        ],
        "defaultCode": 58311,
        "grid": 24
      },
      "attrs": [],
      "properties": {
        "order": 456,
        "ligatures": "dehaze",
        "id": 9,
        "prevSize": 24,
        "code": 58311,
        "name": "dehaze"
      },
      "setIdx": 0,
      "setId": 1,
      "iconIdx": 11
    },
    {
      "icon": {
        "paths": [
          "M128 214h768v84h-768v-84zM128 470v-86h768v86h-768zM128 810v-84h768v84h-768zM128 640v-86h768v86h-768z"
        ],
        "attrs": [],
        "isMulticolor": false,
        "isMulticolor2": false,
        "tags": [
          "reorder"
        ],
        "defaultCode": 59646,
        "grid": 24
      },
      "attrs": [],
      "properties": {
        "order": 457,
        "ligatures": "reorder",
        "id": 10,
        "prevSize": 24,
        "code": 59646,
        "name": "reorder"
      },
      "setIdx": 0,
      "setId": 1,
      "iconIdx": 12
    },
    {
      "icon": {
        "paths": [
          "M512 682c46 0 86 40 86 86s-40 86-86 86-86-40-86-86 40-86 86-86zM512 426c46 0 86 40 86 86s-40 86-86 86-86-40-86-86 40-86 86-86zM512 342c-46 0-86-40-86-86s40-86 86-86 86 40 86 86-40 86-86 86z"
        ],
        "attrs": [],
        "isMulticolor": false,
        "isMulticolor2": false,
        "tags": [
          "more_vert"
        ],
        "defaultCode": 58836,
        "grid": 24
      },
      "attrs": [],
      "properties": {
        "order": 458,
        "ligatures": "more_vert",
        "id": 11,
        "prevSize": 24,
        "code": 58836,
        "name": "more_vert"
      },
      "setIdx": 0,
      "setId": 1,
      "iconIdx": 13
    },
    {
      "icon": {
        "paths": [
          "M512 776l136-136 60 60-196 196-196-196 60-60zM512 248l-136 136-60-60 196-196 196 196-60 60z"
        ],
        "attrs": [],
        "isMulticolor": false,
        "isMulticolor2": false,
        "tags": [
          "unfold_more"
        ],
        "defaultCode": 58839,
        "grid": 24
      },
      "attrs": [],
      "properties": {
        "order": 459,
        "ligatures": "unfold_more",
        "id": 12,
        "prevSize": 24,
        "code": 58839,
        "name": "unfold_more"
      },
      "setIdx": 0,
      "setId": 1,
      "iconIdx": 14
    },
    {
      "icon": {
        "paths": [
          "M298 426h428l-214 214z"
        ],
        "attrs": [],
        "isMulticolor": false,
        "isMulticolor2": false,
        "tags": [
          "arrow_drop_down"
        ],
        "defaultCode": 58821,
        "grid": 24
      },
      "attrs": [],
      "properties": {
        "order": 460,
        "ligatures": "arrow_drop_down",
        "id": 13,
        "prevSize": 24,
        "code": 58821,
        "name": "arrow_drop_down"
      },
      "setIdx": 0,
      "setId": 1,
      "iconIdx": 15
    },
    {
      "icon": {
        "paths": [
          "M298 598l214-214 214 214h-428z"
        ],
        "attrs": [],
        "isMulticolor": false,
        "isMulticolor2": false,
        "tags": [
          "arrow_drop_up"
        ],
        "defaultCode": 58823,
        "grid": 24
      },
      "attrs": [],
      "properties": {
        "order": 461,
        "ligatures": "arrow_drop_up",
        "id": 14,
        "prevSize": 24,
        "code": 58823,
        "name": "arrow_drop_up"
      },
      "setIdx": 0,
      "setId": 1,
      "iconIdx": 16
    },
    {
      "icon": {
        "paths": [
          "M406 512l362-256v512zM256 256h86v512h-86v-512z"
        ],
        "attrs": [],
        "isMulticolor": false,
        "isMulticolor2": false,
        "tags": [
          "skip_previous"
        ],
        "defaultCode": 57413,
        "grid": 24
      },
      "attrs": [],
      "properties": {
        "order": 462,
        "ligatures": "skip_previous",
        "id": 15,
        "prevSize": 24,
        "code": 57413,
        "name": "previous"
      },
      "setIdx": 0,
      "setId": 1,
      "iconIdx": 17
    },
    {
      "icon": {
        "paths": [
          "M342 214l468 298-468 298v-596z"
        ],
        "attrs": [],
        "isMulticolor": false,
        "isMulticolor2": false,
        "tags": [
          "play_arrow"
        ],
        "defaultCode": 57399,
        "grid": 24
      },
      "attrs": [],
      "properties": {
        "order": 463,
        "ligatures": "play_arrow",
        "id": 16,
        "prevSize": 24,
        "code": 57399,
        "name": "play"
      },
      "setIdx": 0,
      "setId": 1,
      "iconIdx": 18
    },
    {
      "icon": {
        "paths": [
          "M598 214h170v596h-170v-596zM256 810v-596h170v596h-170z"
        ],
        "attrs": [],
        "isMulticolor": false,
        "isMulticolor2": false,
        "tags": [
          "pause"
        ],
        "defaultCode": 57396,
        "grid": 24
      },
      "attrs": [],
      "properties": {
        "order": 464,
        "ligatures": "pause",
        "id": 17,
        "prevSize": 24,
        "code": 57396,
        "name": "pause"
      },
      "setIdx": 0,
      "setId": 1,
      "iconIdx": 19
    },
    {
      "icon": {
        "paths": [
          "M682 256h86v512h-86v-512zM256 768v-512l362 256z"
        ],
        "attrs": [],
        "isMulticolor": false,
        "isMulticolor2": false,
        "tags": [
          "skip_next"
        ],
        "defaultCode": 57412,
        "grid": 24
      },
      "attrs": [],
      "properties": {
        "order": 465,
        "ligatures": "skip_next",
        "id": 18,
        "prevSize": 24,
        "code": 57412,
        "name": "next"
      },
      "setIdx": 0,
      "setId": 1,
      "iconIdx": 20
    },
    {
      "icon": {
        "paths": [
          "M654.118 596.482l93.794 93.754 46.737-46.737 80.017 237.528-237.528-80.017 47.377-47.377-93.794-93.794 63.397-63.357zM637.058 222.99l237.528-80.017-80.017 237.528-49.34-49.34-535.129 535.169-59.112-59.152 535.129-535.129-49.059-49.059zM425.802 368.206l-63.397 63.437-213.058-213.058 63.397-63.437 213.058 213.058z"
        ],
        "attrs": [
          {}
        ],
        "tags": [
          "shuffle"
        ],
        "defaultCode": 57411,
        "grid": 24,
        "isMulticolor": false,
        "isMulticolor2": false
      },
      "attrs": [
        {}
      ],
      "properties": {
        "order": 466,
        "ligatures": "shuffle",
        "id": 19,
        "prevSize": 24,
        "code": 57411,
        "name": "shuffle"
      },
      "setIdx": 0,
      "setId": 1,
      "iconIdx": 21
    },
    {
      "icon": {
        "paths": [
          "M676.698 738.377c51.474 0 93.194-41.72 93.194-93.238 0-61.099 0-129.688 0-129.688l85.747-47.381c0 0 0 95.938 0 188.217 0 44.507-17.681 87.184-49.123 118.626-31.486 31.486-74.163 49.166-118.67 49.166-152.812 0-354.79 0-354.79 0v83.308l-205.070-126.16 205.070-126.16v83.308c0 0 215.348 0 343.642 0z",
          "M347.297 285.646c-51.474 0-93.194 41.763-93.194 93.238 0 61.099 0 129.688 0 129.688l-85.747 47.337c0 0 0-95.938 0-188.173 0-44.507 17.681-87.184 49.123-118.67 31.486-31.486 74.163-49.123 118.67-49.123 152.812 0 354.79 0 354.79 0v-83.308l205.070 126.16-205.070 126.117v-83.265c0 0-215.348 0-343.642 0z"
        ],
        "attrs": [
          {},
          {}
        ],
        "tags": [
          "repeat"
        ],
        "defaultCode": 57408,
        "grid": 24,
        "isMulticolor": false,
        "isMulticolor2": false
      },
      "attrs": [
        {},
        {}
      ],
      "properties": {
        "order": 467,
        "ligatures": "repeat",
        "id": 20,
        "prevSize": 24,
        "code": 57408,
        "name": "repeat"
      },
      "setIdx": 0,
      "setId": 1,
      "iconIdx": 22
    },
    {
      "icon": {
        "paths": [
          "M554.658 640.011h-85.333v-149.333l-42.667 21.333v-58.453l52.608-69.547h75.392v256z",
          "M676.698 738.377c51.474 0 93.194-41.72 93.194-93.238 0-61.099 0-129.688 0-129.688l85.747-47.381c0 0 0 95.938 0 188.217 0 44.507-17.681 87.184-49.123 118.626-31.486 31.486-74.163 49.166-118.67 49.166-152.812 0-354.79 0-354.79 0v83.308l-205.070-126.16 205.070-126.16v83.308c0 0 215.348 0 343.642 0z",
          "M347.297 285.646c-51.474 0-93.194 41.763-93.194 93.238 0 61.099 0 129.688 0 129.688l-85.747 47.337c0 0 0-95.938 0-188.173 0-44.507 17.681-87.184 49.123-118.67 31.486-31.486 74.163-49.123 118.67-49.123 152.812 0 354.79 0 354.79 0v-83.308l205.070 126.16-205.070 126.117v-83.265c0 0-215.348 0-343.642 0z"
        ],
        "attrs": [
          {},
          {},
          {}
        ],
        "tags": [
          "repeat_one"
        ],
        "defaultCode": 57409,
        "grid": 24,
        "isMulticolor": false,
        "isMulticolor2": false
      },
      "attrs": [
        {},
        {},
        {}
      ],
      "properties": {
        "order": 468,
        "ligatures": "repeat_one",
        "id": 21,
        "prevSize": 24,
        "code": 57409,
        "name": "repeat_one"
      },
      "setIdx": 0,
      "setId": 1,
      "iconIdx": 23
    },
    {
      "icon": {
        "paths": [
          "M512 170v180l-90-90zM182 128l714 714-54 54-88-88c-46 36-98 64-156 78v-88c36-10 68-28 96-50l-182-182v288l-214-214h-170v-256h202l-202-202zM810 512c0-136-88-250-212-286v-88c172 38 298 192 298 374 0 64-16 126-44 178l-64-66c14-34 22-72 22-112zM704 512c0 10 0 18-2 26l-104-104v-94c64 32 106 96 106 172z"
        ],
        "attrs": [],
        "isMulticolor": false,
        "isMulticolor2": false,
        "tags": [
          "volume_off"
        ],
        "defaultCode": 57423,
        "grid": 24
      },
      "attrs": [],
      "properties": {
        "order": 469,
        "ligatures": "volume_off",
        "id": 22,
        "prevSize": 24,
        "code": 57423,
        "name": "volume_off"
      },
      "setIdx": 0,
      "setId": 1,
      "iconIdx": 24
    },
    {
      "icon": {
        "paths": [
          "M598 138c172 38 298 192 298 374s-126 336-298 374v-88c124-36 212-150 212-286s-88-250-212-286v-88zM704 512c0 76-42 140-106 172v-344c64 32 106 96 106 172zM128 384h170l214-214v684l-214-214h-170v-256z"
        ],
        "attrs": [],
        "isMulticolor": false,
        "isMulticolor2": false,
        "tags": [
          "volume_up"
        ],
        "defaultCode": 57424,
        "grid": 24
      },
      "attrs": [],
      "properties": {
        "order": 470,
        "ligatures": "volume_up",
        "id": 23,
        "prevSize": 24,
        "code": 57424,
        "name": "volume_up"
      },
      "setIdx": 0,
      "setId": 1,
      "iconIdx": 25
    },
    {
      "icon": {
        "paths": [
          "M406 598c106 0 192-86 192-192s-86-192-192-192-192 86-192 192 86 192 192 192zM662 598l212 212-64 64-212-212v-34l-12-12c-48 42-112 66-180 66-154 0-278-122-278-276s124-278 278-278 276 124 276 278c0 68-24 132-66 180l12 12h34z"
        ],
        "attrs": [],
        "isMulticolor": false,
        "isMulticolor2": false,
        "tags": [
          "search"
        ],
        "defaultCode": 59574,
        "grid": 24
      },
      "attrs": [],
      "properties": {
        "order": 471,
        "ligatures": "search",
        "id": 24,
        "prevSize": 24,
        "code": 59574,
        "name": "search"
      },
      "setIdx": 0,
      "setId": 1,
      "iconIdx": 26
    },
    {
      "icon": {
        "paths": [
          "M810 274l-238 238 238 238-60 60-238-238-238 238-60-60 238-238-238-238 60-60 238 238 238-238z"
        ],
        "attrs": [],
        "isMulticolor": false,
        "isMulticolor2": false,
        "tags": [
          "close"
        ],
        "defaultCode": 58829,
        "grid": 24
      },
      "attrs": [],
      "properties": {
        "order": 472,
        "ligatures": "clear, close",
        "id": 25,
        "prevSize": 24,
        "code": 58829,
        "name": "close"
      },
      "setIdx": 0,
      "setId": 1,
      "iconIdx": 27
    },
    {
      "icon": {
        "paths": [
          "M810 554h-256v256h-84v-256h-256v-84h256v-256h84v256h256v84z"
        ],
        "attrs": [
          {}
        ],
        "isMulticolor": false,
        "isMulticolor2": false,
        "tags": [
          "add"
        ],
        "grid": 24
      },
      "attrs": [
        {}
      ],
      "properties": {
        "order": 473,
        "id": 26,
        "name": "add",
        "prevSize": 24,
        "code": 59648
      },
      "setIdx": 0,
      "setId": 1,
      "iconIdx": 28
    },
    {
      "icon": {
        "paths": [
          "M810 470v-86h-170v-170h-86v170h-170v86h170v170h86v-170h170zM854 86c46 0 84 38 84 84v512c0 46-38 86-84 86h-512c-46 0-86-40-86-86v-512c0-46 40-84 86-84h512zM170 256v598h598v84h-598c-46 0-84-38-84-84v-598h84z"
        ],
        "attrs": [],
        "isMulticolor": false,
        "isMulticolor2": false,
        "tags": [
          "queue"
        ],
        "defaultCode": 57404,
        "grid": 24
      },
      "attrs": [],
      "properties": {
        "order": 474,
        "ligatures": "add_to_photos, library_add, queue",
        "id": 27,
        "prevSize": 24,
        "code": 57405,
        "name": "queue2"
      },
      "setIdx": 0,
      "setId": 1,
      "iconIdx": 29
    },
    {
      "icon": {
        "paths": [
          "M810 896v-598h-468v598h468zM810 214c46 0 86 38 86 84v598c0 46-40 86-86 86h-468c-46 0-86-40-86-86v-598c0-46 40-84 86-84h468zM682 42v86h-512v598h-84v-598c0-46 38-86 84-86h512z"
        ],
        "attrs": [],
        "isMulticolor": false,
        "isMulticolor2": false,
        "tags": [
          "content_copy"
        ],
        "defaultCode": 57677,
        "grid": 24
      },
      "attrs": [],
      "properties": {
        "order": 475,
        "ligatures": "content_copy",
        "id": 28,
        "prevSize": 24,
        "code": 57677,
        "name": "copy"
      },
      "setIdx": 0,
      "setId": 1,
      "iconIdx": 30
    },
    {
      "icon": {
        "paths": [
          "M234 298c36 0 64-28 64-64s-28-64-64-64-64 28-64 64 28 64 64 64zM914 494c16 16 24 36 24 60s-8 44-24 60l-300 300c-16 16-36 24-60 24s-44-8-60-24l-384-384c-16-16-24-36-24-60v-300c0-46 38-84 84-84h300c24 0 44 8 60 24z"
        ],
        "attrs": [],
        "isMulticolor": false,
        "isMulticolor2": false,
        "tags": [
          "local_offer"
        ],
        "defaultCode": 58702,
        "grid": 24
      },
      "attrs": [],
      "properties": {
        "order": 476,
        "ligatures": "local_offer",
        "id": 29,
        "prevSize": 24,
        "code": 58704,
        "name": "local_offer22"
      },
      "setIdx": 0,
      "setId": 1,
      "iconIdx": 31
    },
    {
      "icon": {
        "paths": [
          "M726 298c118 0 212 96 212 214s-94 214-212 214h-172v-82h172c72 0 132-60 132-132s-60-132-132-132h-172v-82h172zM342 554v-84h340v84h-340zM166 512c0 72 60 132 132 132h172v82h-172c-118 0-212-96-212-214s94-214 212-214h172v82h-172c-72 0-132 60-132 132z"
        ],
        "attrs": [],
        "isMulticolor": false,
        "isMulticolor2": false,
        "tags": [
          "link"
        ],
        "defaultCode": 57687,
        "grid": 24
      },
      "attrs": [],
      "properties": {
        "order": 477,
        "ligatures": "insert_link, link",
        "id": 30,
        "prevSize": 24,
        "code": 57687,
        "name": "link"
      },
      "setIdx": 0,
      "setId": 1,
      "iconIdx": 32
    },
    {
      "icon": {
        "paths": [
          "M810 170v86h-596v-86h148l44-42h212l44 42h148zM256 810v-512h512v512c0 46-40 86-86 86h-340c-46 0-86-40-86-86z"
        ],
        "attrs": [],
        "isMulticolor": false,
        "isMulticolor2": false,
        "tags": [
          "delete"
        ],
        "defaultCode": 59506,
        "grid": 24
      },
      "attrs": [],
      "properties": {
        "order": 478,
        "ligatures": "delete",
        "id": 31,
        "prevSize": 24,
        "code": 59506,
        "name": "delete"
      },
      "setIdx": 0,
      "setId": 1,
      "iconIdx": 33
    },
    {
      "icon": {
        "paths": [
          "M598 554h128l-214-212-214 212h128v172h172v-172zM826 428c110 8 198 100 198 212 0 118-96 214-214 214h-554c-142 0-256-114-256-256 0-132 100-240 228-254 54-102 160-174 284-174 156 0 284 110 314 258z"
        ],
        "attrs": [],
        "isMulticolor": false,
        "isMulticolor2": false,
        "tags": [
          "cloud_upload"
        ],
        "defaultCode": 58051,
        "grid": 24
      },
      "attrs": [],
      "properties": {
        "order": 479,
        "ligatures": "backup, cloud_upload",
        "id": 32,
        "prevSize": 24,
        "code": 58051,
        "name": "cloud_upload"
      },
      "setIdx": 0,
      "setId": 1,
      "iconIdx": 34
    },
    {
      "icon": {
        "paths": [
          "M1023.6 274c-4.6 99.6-74.2 236.2-208.8 409.4-139.2 180.8-257 271.4-353.4 271.4-59.6 0-110.2-55-151.4-165.2-27.6-101-55-202-82.6-303-30.6-110.2-63.4-165.2-98.6-165.2-7.6 0-34.4 16.2-80.4 48.2l-48.2-62c50.6-44.4 100.4-88.8 149.4-133.2 67.4-58.2 118-88.8 151.8-92 79.6-7.6 128.8 46.8 147.2 163.4 19.8 125.8 33.6 204 41.4 234.6 23 104.4 48.2 156.6 75.8 156.6 21.4 0 53.6-33.8 96.6-101.6 42.8-67.6 65.8-119.2 69-154.6 6.2-58.4-16.8-87.8-69-87.8-24.6 0-49.8 5.6-75.8 16.8 50.4-164.8 146.4-244.8 288.4-240.2 105 2.8 154.6 71 148.6 204.4z"
        ],
        "attrs": [
          {}
        ],
        "isMulticolor": false,
        "isMulticolor2": false,
        "tags": [
          "vimeo",
          "brand",
          "social"
        ],
        "grid": 16
      },
      "attrs": [
        {}
      ],
      "properties": {
        "order": 480,
        "id": 0,
        "name": "vimeo",
        "prevSize": 24,
        "code": 59653
      },
      "setIdx": 0,
      "setId": 1,
      "iconIdx": 35
    },
    {
      "icon": {
        "paths": [
          "M873 148.8c-95.8-96-223.2-148.8-359-148.8-279.6 0-507.2 227.6-507.2 507.4 0 89.4 23.4 176.8 67.8 253.6l-72 263 269-70.6c74.2 40.4 157.6 61.8 242.4 61.8h0.2c0 0 0 0 0 0 279.6 0 507.4-227.6 507.4-507.4 0-135.6-52.8-263-148.6-359zM514.2 929.6v0c-75.8 0-150-20.4-214.8-58.8l-15.4-9.2-159.6 41.8 42.6-155.6-10-16c-42.4-67-64.6-144.6-64.6-224.4 0-232.6 189.2-421.8 422-421.8 112.6 0 218.6 44 298.2 123.6 79.6 79.8 123.4 185.6 123.4 298.4-0.2 232.8-189.4 422-421.8 422zM745.4 613.6c-12.6-6.4-75-37-86.6-41.2s-20-6.4-28.6 6.4c-8.4 12.6-32.8 41.2-40.2 49.8-7.4 8.4-14.8 9.6-27.4 3.2s-53.6-19.8-102-63c-37.6-33.6-63.2-75.2-70.6-87.8s-0.8-19.6 5.6-25.8c5.8-5.6 12.6-14.8 19-22.2s8.4-12.6 12.6-21.2c4.2-8.4 2.2-15.8-1-22.2s-28.6-68.8-39-94.2c-10.2-24.8-20.8-21.4-28.6-21.8-7.4-0.4-15.8-0.4-24.2-0.4s-22.2 3.2-33.8 15.8c-11.6 12.6-44.4 43.4-44.4 105.8s45.4 122.6 51.8 131.2c6.4 8.4 89.4 136.6 216.6 191.4 30.2 13 53.8 20.8 72.2 26.8 30.4 9.6 58 8.2 79.8 5 24.4-3.6 75-30.6 85.6-60.2s10.6-55 7.4-60.2c-3-5.6-11.4-8.8-24.2-15.2z"
        ],
        "attrs": [
          {}
        ],
        "isMulticolor": false,
        "isMulticolor2": false,
        "tags": [
          "whatsapp",
          "brand",
          "social"
        ],
        "grid": 16
      },
      "attrs": [
        {}
      ],
      "properties": {
        "order": 481,
        "id": 1,
        "name": "whatsapp",
        "prevSize": 24,
        "code": 59655
      },
      "setIdx": 0,
      "setId": 1,
      "iconIdx": 36
    },
    {
      "icon": {
        "paths": [
          "M1013.8 307.2c0 0-10-70.6-40.8-101.6-39-40.8-82.6-41-102.6-43.4-143.2-10.4-358.2-10.4-358.2-10.4h-0.4c0 0-215 0-358.2 10.4-20 2.4-63.6 2.6-102.6 43.4-30.8 31-40.6 101.6-40.6 101.6s-10.2 82.8-10.2 165.8v77.6c0 82.8 10.2 165.8 10.2 165.8s10 70.6 40.6 101.6c39 40.8 90.2 39.4 113 43.8 82 7.8 348.2 10.2 348.2 10.2s215.2-0.4 358.4-10.6c20-2.4 63.6-2.6 102.6-43.4 30.8-31 40.8-101.6 40.8-101.6s10.2-82.8 10.2-165.8v-77.6c-0.2-82.8-10.4-165.8-10.4-165.8zM406.2 644.8v-287.8l276.6 144.4-276.6 143.4z"
        ],
        "attrs": [
          {}
        ],
        "isMulticolor": false,
        "isMulticolor2": false,
        "tags": [
          "youtube",
          "brand",
          "social"
        ],
        "grid": 16
      },
      "attrs": [
        {}
      ],
      "properties": {
        "order": 482,
        "id": 2,
        "name": "youtube",
        "prevSize": 24,
        "code": 59654
      },
      "setIdx": 0,
      "setId": 1,
      "iconIdx": 37
    },
    {
      "icon": {
        "paths": [
          "M548 6.857v150.857h-89.714c-70.286 0-83.429 33.714-83.429 82.286v108h167.429l-22.286 169.143h-145.143v433.714h-174.857v-433.714h-145.714v-169.143h145.714v-124.571c0-144.571 88.571-223.429 217.714-223.429 61.714 0 114.857 4.571 130.286 6.857z"
        ],
        "width": 602,
        "attrs": [
          {}
        ],
        "isMulticolor": false,
        "isMulticolor2": false,
        "tags": [
          "facebook",
          "facebook-f"
        ],
        "grid": 14
      },
      "attrs": [
        {}
      ],
      "properties": {
        "order": 483,
        "id": 0,
        "name": "facebook",
        "prevSize": 24,
        "code": 59656
      },
      "setIdx": 0,
      "setId": 1,
      "iconIdx": 38
    },
    {
      "icon": {
        "paths": [
          "M925.714 233.143c-25.143 36.571-56.571 69.143-92.571 95.429 0.571 8 0.571 16 0.571 24 0 244-185.714 525.143-525.143 525.143-104.571 0-201.714-30.286-283.429-82.857 14.857 1.714 29.143 2.286 44.571 2.286 86.286 0 165.714-29.143 229.143-78.857-81.143-1.714-149.143-54.857-172.571-128 11.429 1.714 22.857 2.857 34.857 2.857 16.571 0 33.143-2.286 48.571-6.286-84.571-17.143-148-91.429-148-181.143v-2.286c24.571 13.714 53.143 22.286 83.429 23.429-49.714-33.143-82.286-89.714-82.286-153.714 0-34.286 9.143-65.714 25.143-93.143 90.857 112 227.429 185.143 380.571 193.143-2.857-13.714-4.571-28-4.571-42.286 0-101.714 82.286-184.571 184.571-184.571 53.143 0 101.143 22.286 134.857 58.286 41.714-8 81.714-23.429 117.143-44.571-13.714 42.857-42.857 78.857-81.143 101.714 37.143-4 73.143-14.286 106.286-28.571z"
        ],
        "width": 951,
        "attrs": [
          {}
        ],
        "isMulticolor": false,
        "isMulticolor2": false,
        "tags": [
          "twitter"
        ],
        "grid": 14
      },
      "attrs": [
        {}
      ],
      "properties": {
        "order": 484,
        "id": 1,
        "name": "twitter",
        "prevSize": 24,
        "code": 59657
      },
      "setIdx": 0,
      "setId": 1,
      "iconIdx": 39
    }
  ],
  "height": 1024,
  "metadata": {
    "name": "media-player"
  },
  "preferences": {
    "showGlyphs": true,
    "showCodes": true,
    "showQuickUse": true,
    "showQuickUse2": true,
    "showSVGs": true,
    "fontPref": {
      "prefix": "wmp-icon-",
      "metadata": {
        "fontFamily": "media-player",
        "majorVersion": 1,
        "minorVersion": 0
      },
      "metrics": {
        "emSize": 1024,
        "baseline": 6.25,
        "whitespace": 50
      },
      "embed": false,
      "noie8": true,
      "ie7": false
    },
    "imagePref": {
      "prefix": "icon-",
      "png": true,
      "useClassSelector": true,
      "color": 0,
      "bgColor": 16777215,
      "classSelector": ".icon",
      "height": 32,
      "columns": 16,
      "margin": 16
    },
    "historySize": 100,
    "gridSize": 16
  }
}