{"IcoMoonType":"selection","icons":[{"icon":{"paths":["M704 256h64v490c0 130-104 236-234 236s-236-106-236-236v-532c0-94 78-172 172-172s170 78 170 172v448c0 58-48 106-106 106s-108-48-108-106v-406h64v406c0 24 20 42 44 42s42-18 42-42v-448c0-58-48-108-106-108s-108 50-108 108v532c0 94 78 172 172 172s170-78 170-172v-490z"],"attrs":[{}],"isMulticolor":false,"isMulticolor2":false,"tags":["attach_file"],"grid":24},"attrs":[{}],"properties":{"order":706,"id":43,"name":"attach_file","prevSize":24,"code":59664},"setIdx":1,"setId":1,"iconIdx":0},{"icon":{"paths":["M726 554v-84h-172v-172h-84v172h-172v84h172v172h84v-172h172zM512 86c236 0 426 190 426 426s-190 426-426 426-426-190-426-426 190-426 426-426z"],"attrs":[{}],"isMulticolor":false,"isMulticolor2":false,"tags":["add_circle"],"grid":24},"attrs":[{}],"properties":{"order":708,"id":40,"name":"add_circle","prevSize":24,"code":59661},"setIdx":1,"setId":1,"iconIdx":2},{"icon":{"paths":["M384 690l452-452 60 60-512 512-238-238 60-60z"],"attrs":[{}],"isMulticolor":false,"isMulticolor2":false,"tags":["check"],"grid":24},"attrs":[{}],"properties":{"order":709,"id":39,"name":"check","prevSize":24,"code":59662},"setIdx":1,"setId":1,"iconIdx":3},{"icon":{"paths":["M86 896v-298l640-86-640-86v-298l896 384z"],"attrs":[{}],"isMulticolor":false,"isMulticolor2":false,"tags":["send"],"grid":24},"attrs":[{}],"properties":{"order":710,"id":38,"name":"send","prevSize":24,"code":59660},"setIdx":1,"setId":1,"iconIdx":4},{"icon":{"paths":["M854 86c46 0 84 38 84 84v512c0 46-36 84-82 86l-298-298h210v-86h-296l-42-42h338v-86h-342v82l-252-252h680zM256 470h86l-86-86v86zM342 598v-86h-86v86h86zM54 74l884 884-54 54-244-244h-384l-170 170v-724l-86-86z"],"attrs":[{}],"isMulticolor":false,"isMulticolor2":false,"tags":["speaker_notes_off"],"grid":24},"attrs":[{}],"properties":{"order":711,"id":37,"name":"speaker_notes_off","prevSize":24,"code":59659},"setIdx":1,"setId":1,"iconIdx":5},{"icon":{"paths":["M768 342v-86h-512v86h512zM598 598v-86h-342v86h342zM256 384v86h512v-86h-512zM854 86c46 0 84 38 84 84v512c0 46-38 86-84 86h-598l-170 170v-768c0-46 38-84 84-84h684z"],"attrs":[{}],"isMulticolor":false,"isMulticolor2":false,"tags":["chat"],"grid":24},"attrs":[{}],"properties":{"order":712,"id":36,"name":"chat","prevSize":24,"code":59658},"setIdx":1,"setId":1,"iconIdx":6},{"icon":{"paths":["M512 384c70 0 128 58 128 128s-58 128-128 128-128-58-128-128 58-128 128-128zM512 726c118 0 214-96 214-214s-96-214-214-214-214 96-214 214 96 214 214 214zM512 192c214 0 396 132 470 320-74 188-256 320-470 320s-396-132-470-320c74-188 256-320 470-320z"],"attrs":[],"isMulticolor":false,"isMulticolor2":false,"tags":["visibility"],"defaultCode":59636,"grid":24},"attrs":[],"properties":{"ligatures":"remove_red_eye, visibility","id":35,"order":713,"prevSize":24,"code":59636,"name":"visibility"},"setIdx":1,"setId":1,"iconIdx":7},{"icon":{"paths":["M506 384h6c70 0 128 58 128 128v8zM322 418c-14 28-24 60-24 94 0 118 96 214 214 214 34 0 66-10 94-24l-66-66c-8 2-18 4-28 4-70 0-128-58-128-128 0-10 2-20 4-28zM86 182l54-54 756 756-54 54c-47.968-47.365-96.266-94.401-144-142-58 24-120 36-186 36-214 0-396-132-470-320 34-84 90-156 160-212-39.017-38.983-77.307-78.693-116-118zM512 298c-28 0-54 6-78 16l-92-92c52-20 110-30 170-30 214 0 394 132 468 320-32 80-82 148-146 202l-124-124c10-24 16-50 16-78 0-118-96-214-214-214z"],"attrs":[],"isMulticolor":false,"isMulticolor2":false,"tags":["visibility_off"],"defaultCode":59637,"grid":24},"attrs":[],"properties":{"ligatures":"visibility_off","id":34,"order":714,"prevSize":24,"code":59637,"name":"visibility_off"},"setIdx":1,"setId":1,"iconIdx":8},{"icon":{"paths":["M598 214h212v212h-84v-128h-128v-84zM726 726v-128h84v212h-212v-84h128zM214 426v-212h212v84h-128v128h-84zM298 598v128h128v84h-212v-212h84z"],"attrs":[{}],"isMulticolor":false,"isMulticolor2":false,"tags":["fullscreen"],"grid":24},"attrs":[{}],"properties":{"order":715,"id":0,"name":"fullscreen","prevSize":24,"code":59650},"setIdx":1,"setId":1,"iconIdx":9},{"icon":{"paths":["M682 342h128v84h-212v-212h84v128zM598 810v-212h212v84h-128v128h-84zM342 342v-128h84v212h-212v-84h128zM214 682v-84h212v212h-84v-128h-128z"],"attrs":[{}],"isMulticolor":false,"isMulticolor2":false,"tags":["fullscreen_exit"],"grid":24},"attrs":[{}],"properties":{"order":716,"id":1,"name":"fullscreen_exit","prevSize":24,"code":59651},"setIdx":1,"setId":1,"iconIdx":10},{"icon":{"paths":["M768 686c68 0 124 56 124 124s-56 126-124 126-124-58-124-126c0-10 0-20 2-28l-302-176c-24 22-54 34-88 34-70 0-128-58-128-128s58-128 128-128c34 0 64 12 88 34l300-174c-2-10-4-20-4-30 0-70 58-128 128-128s128 58 128 128-58 128-128 128c-34 0-64-14-88-36l-300 176c2 10 4 20 4 30s-2 20-4 30l304 176c22-20 52-32 84-32z"],"attrs":[{}],"isMulticolor":false,"isMulticolor2":false,"tags":["share"],"grid":24},"attrs":[{}],"properties":{"order":717,"id":2,"name":"share","prevSize":24,"code":59652},"setIdx":1,"setId":1,"iconIdx":11},{"icon":{"paths":["M512 470c24 0 42 18 42 42s-18 42-42 42-42-18-42-42 18-42 42-42zM512 704c106 0 192-86 192-192s-86-192-192-192-192 86-192 192 86 192 192 192zM512 86c236 0 426 190 426 426s-190 426-426 426-426-190-426-426 190-426 426-426z"],"attrs":[{}],"isMulticolor":false,"isMulticolor2":false,"tags":["album"],"grid":24},"attrs":[{}],"properties":{"order":718,"id":3,"name":"album","prevSize":24,"code":59649},"setIdx":1,"setId":1,"iconIdx":12},{"icon":{"paths":["M128 554v-84h512v84h-512zM128 256h768v86h-768v-86zM128 768v-86h256v86h-256z"],"attrs":[],"isMulticolor":false,"isMulticolor2":false,"tags":["sort"],"defaultCode":57700,"grid":24},"attrs":[],"properties":{"order":719,"ligatures":"sort","id":4,"prevSize":24,"code":57700,"name":"sort"},"setIdx":1,"setId":1,"iconIdx":13},{"icon":{"paths":["M726 256h212v86h-128v384c0 70-58 128-128 128s-128-58-128-128 58-128 128-128c14 0 30 4 44 8v-350zM128 682v-84h342v84h-342zM640 426v86h-512v-86h512zM640 256v86h-512v-86h512z"],"attrs":[],"isMulticolor":false,"isMulticolor2":false,"tags":["queue_music"],"defaultCode":57405,"grid":24},"attrs":[],"properties":{"order":720,"ligatures":"queue_music","id":6,"prevSize":24,"code":57406,"name":"queue_music"},"setIdx":1,"setId":1,"iconIdx":14},{"icon":{"paths":["M884 300l-78 78-160-160 78-78c16-16 44-16 60 0l100 100c16 16 16 44 0 60zM128 736l472-472 160 160-472 472h-160v-160z"],"attrs":[],"isMulticolor":false,"isMulticolor2":false,"tags":["mode_edit"],"defaultCode":57940,"grid":24},"attrs":[],"properties":{"order":721,"ligatures":"create, edit, mode_edit","id":7,"prevSize":24,"code":57940,"name":"mode_edit"},"setIdx":1,"setId":1,"iconIdx":15},{"icon":{"paths":["M298 214h598v84h-598v-84zM298 554v-84h598v84h-598zM298 810v-84h598v84h-598zM170 704c36 0 64 30 64 64s-30 64-64 64-64-30-64-64 28-64 64-64zM170 192c36 0 64 28 64 64s-28 64-64 64-64-28-64-64 28-64 64-64zM170 448c36 0 64 28 64 64s-28 64-64 64-64-28-64-64 28-64 64-64z"],"attrs":[],"isMulticolor":false,"isMulticolor2":false,"tags":["format_list_bulleted"],"defaultCode":57921,"grid":24},"attrs":[],"properties":{"order":722,"ligatures":"format_list_bulleted","id":8,"prevSize":24,"code":57922,"name":"format_list_bulleted"},"setIdx":1,"setId":1,"iconIdx":16},{"icon":{"paths":["M512 682c46 0 86 40 86 86s-40 86-86 86-86-40-86-86 40-86 86-86zM512 426c46 0 86 40 86 86s-40 86-86 86-86-40-86-86 40-86 86-86zM512 342c-46 0-86-40-86-86s40-86 86-86 86 40 86 86-40 86-86 86z"],"attrs":[],"isMulticolor":false,"isMulticolor2":false,"tags":["more_vert"],"defaultCode":58836,"grid":24},"attrs":[],"properties":{"order":723,"ligatures":"more_vert","id":11,"prevSize":24,"code":58836,"name":"more_vert"},"setIdx":1,"setId":1,"iconIdx":17},{"icon":{"paths":["M298 426h428l-214 214z"],"attrs":[],"isMulticolor":false,"isMulticolor2":false,"tags":["arrow_drop_down"],"defaultCode":58821,"grid":24},"attrs":[],"properties":{"order":724,"ligatures":"arrow_drop_down","id":13,"prevSize":24,"code":58821,"name":"arrow_drop_down"},"setIdx":1,"setId":1,"iconIdx":18},{"icon":{"paths":["M298 598l214-214 214 214h-428z"],"attrs":[],"isMulticolor":false,"isMulticolor2":false,"tags":["arrow_drop_up"],"defaultCode":58823,"grid":24},"attrs":[],"properties":{"order":725,"ligatures":"arrow_drop_up","id":14,"prevSize":24,"code":58823,"name":"arrow_drop_up"},"setIdx":1,"setId":1,"iconIdx":19},{"icon":{"paths":["M406 512l362-256v512zM256 256h86v512h-86v-512z"],"attrs":[],"isMulticolor":false,"isMulticolor2":false,"tags":["skip_previous"],"defaultCode":57413,"grid":24},"attrs":[],"properties":{"order":726,"ligatures":"skip_previous","id":15,"prevSize":24,"code":57413,"name":"previous"},"setIdx":1,"setId":1,"iconIdx":20},{"icon":{"paths":["M342 214l468 298-468 298v-596z"],"attrs":[],"isMulticolor":false,"isMulticolor2":false,"tags":["play_arrow"],"defaultCode":57399,"grid":24},"attrs":[],"properties":{"order":727,"ligatures":"play_arrow","id":16,"prevSize":24,"code":57399,"name":"play"},"setIdx":1,"setId":1,"iconIdx":21},{"icon":{"paths":["M598 214h170v596h-170v-596zM256 810v-596h170v596h-170z"],"attrs":[],"isMulticolor":false,"isMulticolor2":false,"tags":["pause"],"defaultCode":57396,"grid":24},"attrs":[],"properties":{"order":728,"ligatures":"pause","id":17,"prevSize":24,"code":57396,"name":"pause"},"setIdx":1,"setId":1,"iconIdx":22},{"icon":{"paths":["M682 256h86v512h-86v-512zM256 768v-512l362 256z"],"attrs":[],"isMulticolor":false,"isMulticolor2":false,"tags":["skip_next"],"defaultCode":57412,"grid":24},"attrs":[],"properties":{"order":729,"ligatures":"skip_next","id":18,"prevSize":24,"code":57412,"name":"next"},"setIdx":1,"setId":1,"iconIdx":23},{"icon":{"paths":["M654.118 596.482l93.794 93.754 46.737-46.737 80.017 237.528-237.528-80.017 47.377-47.377-93.794-93.794 63.397-63.357zM637.058 222.99l237.528-80.017-80.017 237.528-49.34-49.34-535.129 535.169-59.112-59.152 535.129-535.129-49.059-49.059zM425.802 368.206l-63.397 63.437-213.058-213.058 63.397-63.437 213.058 213.058z"],"attrs":[{}],"tags":["shuffle"],"defaultCode":57411,"grid":24,"isMulticolor":false,"isMulticolor2":false},"attrs":[{}],"properties":{"order":730,"ligatures":"shuffle","id":19,"prevSize":24,"code":57411,"name":"shuffle"},"setIdx":1,"setId":1,"iconIdx":24},{"icon":{"paths":["M676.698 738.377c51.474 0 93.194-41.72 93.194-93.238 0-61.099 0-129.688 0-129.688l85.747-47.381c0 0 0 95.938 0 188.217 0 44.507-17.681 87.184-49.123 118.626-31.486 31.486-74.163 49.166-118.67 49.166-152.812 0-354.79 0-354.79 0v83.308l-205.070-126.16 205.070-126.16v83.308c0 0 215.348 0 343.642 0z","M347.297 285.646c-51.474 0-93.194 41.763-93.194 93.238 0 61.099 0 129.688 0 129.688l-85.747 47.337c0 0 0-95.938 0-188.173 0-44.507 17.681-87.184 49.123-118.67 31.486-31.486 74.163-49.123 118.67-49.123 152.812 0 354.79 0 354.79 0v-83.308l205.070 126.16-205.070 126.117v-83.265c0 0-215.348 0-343.642 0z"],"attrs":[{},{}],"tags":["repeat"],"defaultCode":57408,"grid":24,"isMulticolor":false,"isMulticolor2":false},"attrs":[{},{}],"properties":{"order":731,"ligatures":"repeat","id":20,"prevSize":24,"code":57408,"name":"repeat"},"setIdx":1,"setId":1,"iconIdx":25},{"icon":{"paths":["M554.658 640.011h-85.333v-149.333l-42.667 21.333v-58.453l52.608-69.547h75.392v256z","M676.698 738.377c51.474 0 93.194-41.72 93.194-93.238 0-61.099 0-129.688 0-129.688l85.747-47.381c0 0 0 95.938 0 188.217 0 44.507-17.681 87.184-49.123 118.626-31.486 31.486-74.163 49.166-118.67 49.166-152.812 0-354.79 0-354.79 0v83.308l-205.070-126.16 205.070-126.16v83.308c0 0 215.348 0 343.642 0z","M347.297 285.646c-51.474 0-93.194 41.763-93.194 93.238 0 61.099 0 129.688 0 129.688l-85.747 47.337c0 0 0-95.938 0-188.173 0-44.507 17.681-87.184 49.123-118.67 31.486-31.486 74.163-49.123 118.67-49.123 152.812 0 354.79 0 354.79 0v-83.308l205.070 126.16-205.070 126.117v-83.265c0 0-215.348 0-343.642 0z"],"attrs":[{},{},{}],"tags":["repeat_one"],"defaultCode":57409,"grid":24,"isMulticolor":false,"isMulticolor2":false},"attrs":[{},{},{}],"properties":{"order":732,"ligatures":"repeat_one","id":21,"prevSize":24,"code":57409,"name":"repeat_one"},"setIdx":1,"setId":1,"iconIdx":26},{"icon":{"paths":["M512 170v180l-90-90zM182 128l714 714-54 54-88-88c-46 36-98 64-156 78v-88c36-10 68-28 96-50l-182-182v288l-214-214h-170v-256h202l-202-202zM810 512c0-136-88-250-212-286v-88c172 38 298 192 298 374 0 64-16 126-44 178l-64-66c14-34 22-72 22-112zM704 512c0 10 0 18-2 26l-104-104v-94c64 32 106 96 106 172z"],"attrs":[],"isMulticolor":false,"isMulticolor2":false,"tags":["volume_off"],"defaultCode":57423,"grid":24},"attrs":[],"properties":{"order":733,"ligatures":"volume_off","id":22,"prevSize":24,"code":57423,"name":"volume_off"},"setIdx":1,"setId":1,"iconIdx":27},{"icon":{"paths":["M598 138c172 38 298 192 298 374s-126 336-298 374v-88c124-36 212-150 212-286s-88-250-212-286v-88zM704 512c0 76-42 140-106 172v-344c64 32 106 96 106 172zM128 384h170l214-214v684l-214-214h-170v-256z"],"attrs":[],"isMulticolor":false,"isMulticolor2":false,"tags":["volume_up"],"defaultCode":57424,"grid":24},"attrs":[],"properties":{"order":734,"ligatures":"volume_up","id":23,"prevSize":24,"code":57424,"name":"volume_up"},"setIdx":1,"setId":1,"iconIdx":28},{"icon":{"paths":["M406 598c106 0 192-86 192-192s-86-192-192-192-192 86-192 192 86 192 192 192zM662 598l212 212-64 64-212-212v-34l-12-12c-48 42-112 66-180 66-154 0-278-122-278-276s124-278 278-278 276 124 276 278c0 68-24 132-66 180l12 12h34z"],"attrs":[],"isMulticolor":false,"isMulticolor2":false,"tags":["search"],"defaultCode":59574,"grid":24},"attrs":[],"properties":{"order":735,"ligatures":"search","id":24,"prevSize":24,"code":59574,"name":"search"},"setIdx":1,"setId":1,"iconIdx":29},{"icon":{"paths":["M810 274l-238 238 238 238-60 60-238-238-238 238-60-60 238-238-238-238 60-60 238 238 238-238z"],"attrs":[],"isMulticolor":false,"isMulticolor2":false,"tags":["close"],"defaultCode":58829,"grid":24},"attrs":[],"properties":{"order":736,"ligatures":"clear, close","id":25,"prevSize":24,"code":58829,"name":"close"},"setIdx":1,"setId":1,"iconIdx":30},{"icon":{"paths":["M810 554h-256v256h-84v-256h-256v-84h256v-256h84v256h256v84z"],"attrs":[{}],"isMulticolor":false,"isMulticolor2":false,"tags":["add"],"grid":24},"attrs":[{}],"properties":{"order":737,"id":26,"name":"add","prevSize":24,"code":59648},"setIdx":1,"setId":1,"iconIdx":31},{"icon":{"paths":["M810 470v-86h-170v-170h-86v170h-170v86h170v170h86v-170h170zM854 86c46 0 84 38 84 84v512c0 46-38 86-84 86h-512c-46 0-86-40-86-86v-512c0-46 40-84 86-84h512zM170 256v598h598v84h-598c-46 0-84-38-84-84v-598h84z"],"attrs":[],"isMulticolor":false,"isMulticolor2":false,"tags":["queue"],"defaultCode":57404,"grid":24},"attrs":[],"properties":{"order":738,"ligatures":"add_to_photos, library_add, queue","id":27,"prevSize":24,"code":57405,"name":"queue2"},"setIdx":1,"setId":1,"iconIdx":32},{"icon":{"paths":["M810 896v-598h-468v598h468zM810 214c46 0 86 38 86 84v598c0 46-40 86-86 86h-468c-46 0-86-40-86-86v-598c0-46 40-84 86-84h468zM682 42v86h-512v598h-84v-598c0-46 38-86 84-86h512z"],"attrs":[],"isMulticolor":false,"isMulticolor2":false,"tags":["content_copy"],"defaultCode":57677,"grid":24},"attrs":[],"properties":{"order":739,"ligatures":"content_copy","id":28,"prevSize":24,"code":57677,"name":"copy"},"setIdx":1,"setId":1,"iconIdx":33},{"icon":{"paths":["M726 298c118 0 212 96 212 214s-94 214-212 214h-172v-82h172c72 0 132-60 132-132s-60-132-132-132h-172v-82h172zM342 554v-84h340v84h-340zM166 512c0 72 60 132 132 132h172v82h-172c-118 0-212-96-212-214s94-214 212-214h172v82h-172c-72 0-132 60-132 132z"],"attrs":[],"isMulticolor":false,"isMulticolor2":false,"tags":["link"],"defaultCode":57687,"grid":24},"attrs":[],"properties":{"order":740,"ligatures":"insert_link, link","id":30,"prevSize":24,"code":57687,"name":"link"},"setIdx":1,"setId":1,"iconIdx":34},{"icon":{"paths":["M810 170v86h-596v-86h148l44-42h212l44 42h148zM256 810v-512h512v512c0 46-40 86-86 86h-340c-46 0-86-40-86-86z"],"attrs":[],"isMulticolor":false,"isMulticolor2":false,"tags":["delete"],"defaultCode":59506,"grid":24},"attrs":[],"properties":{"order":741,"ligatures":"delete","id":31,"prevSize":24,"code":59506,"name":"delete"},"setIdx":1,"setId":1,"iconIdx":35},{"icon":{"paths":["M598 554h128l-214-212-214 212h128v172h172v-172zM826 428c110 8 198 100 198 212 0 118-96 214-214 214h-554c-142 0-256-114-256-256 0-132 100-240 228-254 54-102 160-174 284-174 156 0 284 110 314 258z"],"attrs":[],"isMulticolor":false,"isMulticolor2":false,"tags":["cloud_upload"],"defaultCode":58051,"grid":24},"attrs":[],"properties":{"order":742,"ligatures":"backup, cloud_upload","id":32,"prevSize":24,"code":58051,"name":"cloud_upload"},"setIdx":1,"setId":1,"iconIdx":36},{"icon":{"paths":["M42.667 147.525v151.601c376.772 0 682.206 305.434 682.206 682.206h151.601c0-460.868-373.698-833.808-833.808-833.808zM42.667 450.728v151.601c209.318 0 379.004 169.686 379.004 379.004h151.601c0-293.045-237.56-530.605-530.605-530.605zM42.667 753.931v227.402h227.402c0-125.591-101.811-227.402-227.402-227.402z"],"attrs":[{}],"isMulticolor":false,"isMulticolor2":false,"grid":14,"tags":["cast"]},"attrs":[{}],"properties":{"order":707,"id":42,"name":"cast","prevSize":24,"code":59663},"setIdx":1,"setId":1,"iconIdx":1},{"icon":{"paths":["M548 6.857v150.857h-89.714c-70.286 0-83.429 33.714-83.429 82.286v108h167.429l-22.286 169.143h-145.143v433.714h-174.857v-433.714h-145.714v-169.143h145.714v-124.571c0-144.571 88.571-223.429 217.714-223.429 61.714 0 114.857 4.571 130.286 6.857z"],"width":602,"attrs":[{}],"isMulticolor":false,"isMulticolor2":false,"tags":["facebook","facebook-f"],"grid":14},"attrs":[{}],"properties":{"order":746,"id":0,"name":"facebook","prevSize":24,"code":59656},"setIdx":1,"setId":1,"iconIdx":40},{"icon":{"paths":["M925.714 233.143c-25.143 36.571-56.571 69.143-92.571 95.429 0.571 8 0.571 16 0.571 24 0 244-185.714 525.143-525.143 525.143-104.571 0-201.714-30.286-283.429-82.857 14.857 1.714 29.143 2.286 44.571 2.286 86.286 0 165.714-29.143 229.143-78.857-81.143-1.714-149.143-54.857-172.571-128 11.429 1.714 22.857 2.857 34.857 2.857 16.571 0 33.143-2.286 48.571-6.286-84.571-17.143-148-91.429-148-181.143v-2.286c24.571 13.714 53.143 22.286 83.429 23.429-49.714-33.143-82.286-89.714-82.286-153.714 0-34.286 9.143-65.714 25.143-93.143 90.857 112 227.429 185.143 380.571 193.143-2.857-13.714-4.571-28-4.571-42.286 0-101.714 82.286-184.571 184.571-184.571 53.143 0 101.143 22.286 134.857 58.286 41.714-8 81.714-23.429 117.143-44.571-13.714 42.857-42.857 78.857-81.143 101.714 37.143-4 73.143-14.286 106.286-28.571z"],"width":951,"attrs":[{}],"isMulticolor":false,"isMulticolor2":false,"tags":["twitter"],"grid":14},"attrs":[{}],"properties":{"order":747,"id":1,"name":"twitter","prevSize":24,"code":59657},"setIdx":1,"setId":1,"iconIdx":41},{"icon":{"paths":["M1023.6 274c-4.6 99.6-74.2 236.2-208.8 409.4-139.2 180.8-257 271.4-353.4 271.4-59.6 0-110.2-55-151.4-165.2-27.6-101-55-202-82.6-303-30.6-110.2-63.4-165.2-98.6-165.2-7.6 0-34.4 16.2-80.4 48.2l-48.2-62c50.6-44.4 100.4-88.8 149.4-133.2 67.4-58.2 118-88.8 151.8-92 79.6-7.6 128.8 46.8 147.2 163.4 19.8 125.8 33.6 204 41.4 234.6 23 104.4 48.2 156.6 75.8 156.6 21.4 0 53.6-33.8 96.6-101.6 42.8-67.6 65.8-119.2 69-154.6 6.2-58.4-16.8-87.8-69-87.8-24.6 0-49.8 5.6-75.8 16.8 50.4-164.8 146.4-244.8 288.4-240.2 105 2.8 154.6 71 148.6 204.4z"],"attrs":[{}],"isMulticolor":false,"isMulticolor2":false,"tags":["vimeo","brand","social"],"grid":16},"attrs":[{}],"properties":{"order":743,"id":0,"name":"vimeo","prevSize":24,"code":59653},"setIdx":1,"setId":1,"iconIdx":37},{"icon":{"paths":["M873 148.8c-95.8-96-223.2-148.8-359-148.8-279.6 0-507.2 227.6-507.2 507.4 0 89.4 23.4 176.8 67.8 253.6l-72 263 269-70.6c74.2 40.4 157.6 61.8 242.4 61.8h0.2c0 0 0 0 0 0 279.6 0 507.4-227.6 507.4-507.4 0-135.6-52.8-263-148.6-359zM514.2 929.6v0c-75.8 0-150-20.4-214.8-58.8l-15.4-9.2-159.6 41.8 42.6-155.6-10-16c-42.4-67-64.6-144.6-64.6-224.4 0-232.6 189.2-421.8 422-421.8 112.6 0 218.6 44 298.2 123.6 79.6 79.8 123.4 185.6 123.4 298.4-0.2 232.8-189.4 422-421.8 422zM745.4 613.6c-12.6-6.4-75-37-86.6-41.2s-20-6.4-28.6 6.4c-8.4 12.6-32.8 41.2-40.2 49.8-7.4 8.4-14.8 9.6-27.4 3.2s-53.6-19.8-102-63c-37.6-33.6-63.2-75.2-70.6-87.8s-0.8-19.6 5.6-25.8c5.8-5.6 12.6-14.8 19-22.2s8.4-12.6 12.6-21.2c4.2-8.4 2.2-15.8-1-22.2s-28.6-68.8-39-94.2c-10.2-24.8-20.8-21.4-28.6-21.8-7.4-0.4-15.8-0.4-24.2-0.4s-22.2 3.2-33.8 15.8c-11.6 12.6-44.4 43.4-44.4 105.8s45.4 122.6 51.8 131.2c6.4 8.4 89.4 136.6 216.6 191.4 30.2 13 53.8 20.8 72.2 26.8 30.4 9.6 58 8.2 79.8 5 24.4-3.6 75-30.6 85.6-60.2s10.6-55 7.4-60.2c-3-5.6-11.4-8.8-24.2-15.2z"],"attrs":[{}],"isMulticolor":false,"isMulticolor2":false,"tags":["whatsapp","brand","social"],"grid":16},"attrs":[{}],"properties":{"order":744,"id":1,"name":"whatsapp","prevSize":24,"code":59655},"setIdx":1,"setId":1,"iconIdx":38},{"icon":{"paths":["M1013.8 307.2c0 0-10-70.6-40.8-101.6-39-40.8-82.6-41-102.6-43.4-143.2-10.4-358.2-10.4-358.2-10.4h-0.4c0 0-215 0-358.2 10.4-20 2.4-63.6 2.6-102.6 43.4-30.8 31-40.6 101.6-40.6 101.6s-10.2 82.8-10.2 165.8v77.6c0 82.8 10.2 165.8 10.2 165.8s10 70.6 40.6 101.6c39 40.8 90.2 39.4 113 43.8 82 7.8 348.2 10.2 348.2 10.2s215.2-0.4 358.4-10.6c20-2.4 63.6-2.6 102.6-43.4 30.8-31 40.8-101.6 40.8-101.6s10.2-82.8 10.2-165.8v-77.6c-0.2-82.8-10.4-165.8-10.4-165.8zM406.2 644.8v-287.8l276.6 144.4-276.6 143.4z"],"attrs":[{}],"isMulticolor":false,"isMulticolor2":false,"tags":["youtube","brand","social"],"grid":16},"attrs":[{}],"properties":{"order":745,"id":2,"name":"youtube","prevSize":24,"code":59654},"setIdx":1,"setId":1,"iconIdx":39}],"height":1024,"metadata":{"name":"media-player"},"preferences":{"showGlyphs":true,"showCodes":true,"showQuickUse":true,"showQuickUse2":true,"showSVGs":true,"fontPref":{"prefix":"wmp-icon-","metadata":{"fontFamily":"media-player","majorVersion":1,"minorVersion":0},"metrics":{"emSize":1024,"baseline":6.25,"whitespace":50},"embed":false,"noie8":true,"ie7":false},"imagePref":{"prefix":"icon-","png":true,"useClassSelector":true,"color":0,"bgColor":16777215,"classSelector":".icon","height":32,"columns":16,"margin":16,"name":"icomoon"},"historySize":100,"gridSize":16}}